<?xml version="1.0" encoding="UTF-8"?>
<window>
	<defaultcontrol always="true">9000</defaultcontrol>
	<animation type="WindowOpen" reversible="false">
		<effect type="zoom" start="80" end="100" center="auto" easing="out" tween="back" time="300" />
		<effect type="fade" start="0" end="100" time="300" />
	</animation>
	<animation type="WindowClose" reversible="false">
		<effect type="zoom" start="100" end="80" center="auto" easing="in" tween="back" time="300" />
		<effect type="fade" start="100" end="0" time="300" />
	</animation>
	<controls>
		<control type="group">
			<posx>175</posx>
			<posy>150</posy>
			<control type="image">
				<description>Background Panel</description>
				<width>900</width>
				<height>500</height>
				<texture>dialogs/dialogbg_icon2.png</texture>
				<colordiffuse>FF6eb3ee</colordiffuse>
			</control>
			<!-- image for header & text & buttons-->
			<control type="image" id="9050">
				<posx>0</posx>
				<posy>0</posy>
				<width>900</width>
				<height>500</height>
				<align>center</align>
			</control>
			<!-- progress bar -->
			<control type="progress" id="9020">
				<enable>false</enable>
				<description>Progress Bar</description>
				<posx>40</posx>
				<posy>375</posy>
				<width>825</width>
				<height>20</height>
				<reveal>true</reveal>
				<texturebg>osd/osd_progress_back.png</texturebg>
				<lefttexture>osd/osd_progress_left.png</lefttexture>
				<midtexture>osd/osd_progress_mid.png</midtexture>
				<righttexture>osd/osd_progress_right.png</righttexture>
				<colordiffuse>FFf8cd22</colordiffuse>
			</control>
			<!-- buttons -->
			<control type="grouplist" id="9000">
				<orientation>horizontal</orientation>
				<posx>2</posx>
				<posy>410</posy>
				<width>900</width>
				<align>center</align>
				<control type="button" id="9010">
					<enable>false</enable>
					<description>Cancel</description>
					<left>0</left>
					<top>0</top>
					<height>50</height>
					<width>280</width>
					<align>center</align>
					<aligny>center</aligny>
					<font>mono30</font>
					<textcolor>eeFFFFFF</textcolor>
					<disabledcolor>FFff5858</disabledcolor>
					<focusedcolor>eef8cd22</focusedcolor>
					<selectedcolor>eef8cd22</selectedcolor>
					<texturefocus>buttonfo2.png</texturefocus>
					<texturenofocus></texturenofocus>
					<pulseonselect>true</pulseonselect>
					<onleft>9012</onleft>
					<onright>9011</onright>
					<onup>9012</onup>
					<ondown>9011</ondown>
				</control>
				<control type="button" id="9011">
					<enable>false</enable>
					<description>Ok</description>
					<left>0</left>
					<top>0</top>
					<height>50</height>
					<width>280</width>
					<align>center</align>
					<aligny>center</aligny>
					<font>mono30</font>
					<textcolor>eeFFFFFF</textcolor>
					<disabledcolor>FFff5858</disabledcolor>
					<focusedcolor>eef8cd22</focusedcolor>
					<selectedcolor>eef8cd22</selectedcolor>
					<texturefocus>buttonfo2.png</texturefocus>
					<texturenofocus></texturenofocus>
					<pulseonselect>true</pulseonselect>
					<onleft>9010</onleft>
					<onright>9012</onright>
					<onup>9010</onup>
					<ondown>9012</ondown>
				</control>
				<control type="button" id="9012">
					<enable>false</enable>
					<description>custom</description>
					<left>0</left>
					<top>0</top>
					<height>50</height>
					<width>280</width>
					<align>center</align>
					<aligny>center</aligny>
					<font>mono30</font>
					<textcolor>eeFFFFFF</textcolor>
					<disabledcolor>FFff5858</disabledcolor>
					<focusedcolor>eef8cd22</focusedcolor>
					<selectedcolor>eef8cd22</selectedcolor>
					<texturefocus>buttonfo2.png</texturefocus>
					<texturenofocus></texturenofocus>
					<pulseonselect>true</pulseonselect>
					<onleft>9011</onleft>
					<onright>9010</onright>
					<onup>9011</onup>
					<ondown>9010</ondown>
				</control>
			</control>
		</control>
	</controls>
</window>
